filename,label
maksssksksss0.png,without_mask
maksssksksss1.png,without_mask
maksssksksss2.png,mask_weared_incorrect
maksssksksss3.png,with_mask
maksssksksss4.png,with_mask
maksssksksss5.png,without_mask
maksssksksss6.png,with_mask
maksssksksss7.png,without_mask
maksssksksss8.png,with_mask
maksssksksss9.png,without_mask
maksssksksss10.png,with_mask
maksssksksss11.png,mask_weared_incorrect
maksssksksss12.png,without_mask
maksssksksss13.png,mask_weared_incorrect
maksssksksss14.png,without_mask
maksssksksss15.png,with_mask
maksssksksss16.png,with_mask
maksssksksss17.png,with_mask
maksssksksss18.png,with_mask
maksssksksss19.png,without_mask
maksssksksss20.png,with_mask
maksssksksss21.png,without_mask
maksssksksss22.png,with_mask
maksssksksss23.png,with_mask
maksssksksss24.png,mask_weared_incorrect
maksssksksss25.png,with_mask
maksssksksss26.png,with_mask
maksssksksss27.png,with_mask
maksssksksss28.png,with_mask
maksssksksss29.png,mask_weared_incorrect
maksssksksss30.png,without_mask
maksssksksss31.png,with_mask
maksssksksss32.png,with_mask
maksssksksss33.png,with_mask
maksssksksss34.png,without_mask
maksssksksss35.png,with_mask
maksssksksss36.png,with_mask
maksssksksss37.png,with_mask
maksssksksss38.png,without_mask
maksssksksss39.png,with_mask
maksssksksss40.png,without_mask
maksssksksss41.png,with_mask
maksssksksss42.png,with_mask
maksssksksss43.png,with_mask
maksssksksss44.png,without_mask
maksssksksss45.png,without_mask
maksssksksss46.png,with_mask
maksssksksss47.png,with_mask
maksssksksss48.png,without_mask
maksssksksss49.png,without_mask
maksssksksss50.png,with_mask
maksssksksss51.png,without_mask
maksssksksss52.png,without_mask
maksssksksss53.png,with_mask
maksssksksss54.png,without_mask
maksssksksss55.png,with_mask
maksssksksss56.png,with_mask
maksssksksss57.png,with_mask
maksssksksss58.png,with_mask
maksssksksss59.png,with_mask
maksssksksss60.png,with_mask
maksssksksss61.png,without_mask
maksssksksss62.png,with_mask
maksssksksss63.png,with_mask
maksssksksss64.png,without_mask
maksssksksss65.png,without_mask
maksssksksss66.png,with_mask
maksssksksss67.png,with_mask
maksssksksss68.png,without_mask
maksssksksss69.png,with_mask
maksssksksss70.png,without_mask
maksssksksss71.png,without_mask
maksssksksss72.png,without_mask
maksssksksss73.png,with_mask
maksssksksss74.png,without_mask
maksssksksss75.png,without_mask
maksssksksss76.png,mask_weared_incorrect
maksssksksss77.png,with_mask
maksssksksss78.png,with_mask
maksssksksss79.png,with_mask
maksssksksss80.png,with_mask
maksssksksss81.png,with_mask
maksssksksss82.png,with_mask
maksssksksss83.png,without_mask
maksssksksss84.png,with_mask
maksssksksss85.png,with_mask
maksssksksss86.png,without_mask
maksssksksss87.png,with_mask
maksssksksss88.png,with_mask
maksssksksss89.png,with_mask
maksssksksss90.png,with_mask
maksssksksss91.png,with_mask
maksssksksss92.png,without_mask
maksssksksss93.png,with_mask
maksssksksss94.png,without_mask
maksssksksss95.png,without_mask
maksssksksss96.png,without_mask
maksssksksss97.png,with_mask
maksssksksss98.png,with_mask
maksssksksss99.png,mask_weared_incorrect
maksssksksss100.png,with_mask
maksssksksss101.png,with_mask
maksssksksss102.png,with_mask
maksssksksss103.png,with_mask
maksssksksss104.png,without_mask
maksssksksss105.png,with_mask
maksssksksss106.png,with_mask
maksssksksss107.png,with_mask
maksssksksss108.png,without_mask
maksssksksss109.png,with_mask
maksssksksss110.png,without_mask
maksssksksss111.png,without_mask
maksssksksss112.png,mask_weared_incorrect
maksssksksss113.png,without_mask
maksssksksss114.png,without_mask
maksssksksss115.png,with_mask
maksssksksss116.png,with_mask
maksssksksss117.png,with_mask
maksssksksss118.png,with_mask
maksssksksss119.png,without_mask
maksssksksss120.png,with_mask
maksssksksss121.png,without_mask
maksssksksss122.png,with_mask
maksssksksss123.png,with_mask
maksssksksss124.png,without_mask
maksssksksss125.png,without_mask
maksssksksss126.png,without_mask
maksssksksss127.png,with_mask
maksssksksss128.png,without_mask
maksssksksss129.png,without_mask
maksssksksss130.png,without_mask
maksssksksss131.png,without_mask
maksssksksss132.png,mask_weared_incorrect
maksssksksss133.png,with_mask
maksssksksss134.png,without_mask
maksssksksss135.png,with_mask
maksssksksss136.png,with_mask
maksssksksss137.png,without_mask
maksssksksss138.png,with_mask
maksssksksss139.png,without_mask
maksssksksss140.png,with_mask
maksssksksss141.png,with_mask
maksssksksss142.png,with_mask
maksssksksss143.png,with_mask
maksssksksss144.png,with_mask
maksssksksss145.png,without_mask
maksssksksss146.png,with_mask
maksssksksss147.png,without_mask
maksssksksss148.png,without_mask
maksssksksss149.png,with_mask
maksssksksss150.png,with_mask
maksssksksss151.png,without_mask
maksssksksss152.png,with_mask
maksssksksss153.png,without_mask
maksssksksss154.png,without_mask
maksssksksss155.png,with_mask
maksssksksss156.png,without_mask
maksssksksss157.png,without_mask
maksssksksss158.png,with_mask
maksssksksss159.png,without_mask
maksssksksss160.png,with_mask
maksssksksss161.png,without_mask
maksssksksss162.png,with_mask
maksssksksss163.png,with_mask
maksssksksss164.png,without_mask
maksssksksss165.png,with_mask
maksssksksss166.png,with_mask
maksssksksss167.png,with_mask
maksssksksss168.png,without_mask
maksssksksss169.png,with_mask
maksssksksss170.png,with_mask
maksssksksss171.png,with_mask
maksssksksss172.png,without_mask
maksssksksss173.png,mask_weared_incorrect
maksssksksss174.png,with_mask
maksssksksss175.png,with_mask
maksssksksss176.png,without_mask
maksssksksss177.png,with_mask
maksssksksss178.png,without_mask
maksssksksss179.png,without_mask
maksssksksss180.png,with_mask
maksssksksss181.png,without_mask
maksssksksss182.png,without_mask
maksssksksss183.png,without_mask
maksssksksss184.png,with_mask
maksssksksss185.png,with_mask
maksssksksss186.png,with_mask
maksssksksss187.png,with_mask
maksssksksss188.png,with_mask
maksssksksss189.png,without_mask
maksssksksss190.png,with_mask
maksssksksss191.png,with_mask
maksssksksss192.png,with_mask
maksssksksss193.png,with_mask
maksssksksss194.png,without_mask
maksssksksss195.png,with_mask
maksssksksss196.png,with_mask
maksssksksss197.png,with_mask
maksssksksss198.png,with_mask
maksssksksss199.png,mask_weared_incorrect
maksssksksss200.png,with_mask
maksssksksss201.png,with_mask
maksssksksss202.png,with_mask
maksssksksss203.png,with_mask
maksssksksss204.png,with_mask
maksssksksss205.png,with_mask
maksssksksss206.png,without_mask
maksssksksss207.png,with_mask
maksssksksss208.png,with_mask
maksssksksss209.png,without_mask
maksssksksss210.png,with_mask
maksssksksss211.png,with_mask
maksssksksss212.png,with_mask
maksssksksss213.png,with_mask
maksssksksss214.png,with_mask
maksssksksss215.png,with_mask
maksssksksss216.png,without_mask
maksssksksss217.png,without_mask
maksssksksss218.png,without_mask
maksssksksss219.png,with_mask
maksssksksss220.png,with_mask
maksssksksss221.png,without_mask
maksssksksss222.png,without_mask
maksssksksss223.png,without_mask
maksssksksss224.png,with_mask
maksssksksss225.png,with_mask
maksssksksss226.png,with_mask
maksssksksss227.png,with_mask
maksssksksss228.png,with_mask
maksssksksss229.png,with_mask
maksssksksss230.png,with_mask
maksssksksss231.png,with_mask
maksssksksss232.png,with_mask
maksssksksss233.png,with_mask
maksssksksss234.png,with_mask
maksssksksss235.png,with_mask
maksssksksss236.png,without_mask
maksssksksss237.png,with_mask
maksssksksss238.png,with_mask
maksssksksss239.png,without_mask
maksssksksss240.png,without_mask
maksssksksss241.png,with_mask
maksssksksss242.png,with_mask
maksssksksss243.png,with_mask
maksssksksss244.png,without_mask
maksssksksss245.png,with_mask
maksssksksss246.png,with_mask
maksssksksss247.png,with_mask
maksssksksss248.png,without_mask
maksssksksss249.png,without_mask
maksssksksss250.png,without_mask
maksssksksss251.png,without_mask
maksssksksss252.png,with_mask
maksssksksss253.png,without_mask
maksssksksss254.png,without_mask
maksssksksss255.png,mask_weared_incorrect
maksssksksss256.png,with_mask
maksssksksss257.png,without_mask
maksssksksss258.png,mask_weared_incorrect
maksssksksss259.png,with_mask
maksssksksss260.png,with_mask
maksssksksss261.png,without_mask
maksssksksss262.png,with_mask
maksssksksss263.png,without_mask
maksssksksss264.png,with_mask
maksssksksss265.png,with_mask
maksssksksss266.png,with_mask
maksssksksss267.png,with_mask
maksssksksss268.png,without_mask
maksssksksss269.png,with_mask
maksssksksss270.png,without_mask
maksssksksss271.png,with_mask
maksssksksss272.png,mask_weared_incorrect
maksssksksss273.png,with_mask
maksssksksss274.png,with_mask
maksssksksss275.png,with_mask
maksssksksss276.png,without_mask
maksssksksss277.png,with_mask
maksssksksss278.png,with_mask
maksssksksss279.png,without_mask
maksssksksss280.png,without_mask
maksssksksss281.png,with_mask
maksssksksss282.png,mask_weared_incorrect
maksssksksss283.png,with_mask
maksssksksss284.png,with_mask
maksssksksss285.png,with_mask
maksssksksss286.png,with_mask
maksssksksss287.png,with_mask
maksssksksss288.png,with_mask
maksssksksss289.png,without_mask
maksssksksss290.png,with_mask
maksssksksss291.png,with_mask
maksssksksss292.png,with_mask
maksssksksss293.png,with_mask
maksssksksss294.png,without_mask
maksssksksss295.png,with_mask
maksssksksss296.png,without_mask
maksssksksss297.png,without_mask
maksssksksss298.png,with_mask
maksssksksss299.png,without_mask
maksssksksss300.png,with_mask
maksssksksss301.png,without_mask
maksssksksss302.png,without_mask
maksssksksss303.png,with_mask
maksssksksss304.png,with_mask
maksssksksss305.png,without_mask
maksssksksss306.png,with_mask
maksssksksss307.png,without_mask
maksssksksss308.png,with_mask
maksssksksss309.png,mask_weared_incorrect
maksssksksss310.png,without_mask
maksssksksss311.png,with_mask
maksssksksss312.png,with_mask
maksssksksss313.png,with_mask
maksssksksss314.png,with_mask
maksssksksss315.png,with_mask
maksssksksss316.png,without_mask
maksssksksss317.png,without_mask
maksssksksss318.png,without_mask
maksssksksss319.png,without_mask
maksssksksss320.png,without_mask
maksssksksss321.png,without_mask
maksssksksss322.png,with_mask
maksssksksss323.png,with_mask
maksssksksss324.png,with_mask
maksssksksss325.png,without_mask
maksssksksss326.png,with_mask
maksssksksss327.png,without_mask
maksssksksss328.png,with_mask
maksssksksss329.png,with_mask
maksssksksss330.png,with_mask
maksssksksss331.png,mask_weared_incorrect
maksssksksss332.png,with_mask
maksssksksss333.png,with_mask
maksssksksss334.png,without_mask
maksssksksss335.png,with_mask
maksssksksss336.png,without_mask
maksssksksss337.png,with_mask
maksssksksss338.png,with_mask
maksssksksss339.png,with_mask
maksssksksss340.png,without_mask
maksssksksss341.png,with_mask
maksssksksss342.png,without_mask
maksssksksss343.png,without_mask
maksssksksss344.png,with_mask
maksssksksss345.png,without_mask
maksssksksss346.png,with_mask
maksssksksss347.png,without_mask
maksssksksss348.png,without_mask
maksssksksss349.png,without_mask
maksssksksss350.png,with_mask
maksssksksss351.png,with_mask
maksssksksss352.png,without_mask
maksssksksss353.png,with_mask
maksssksksss354.png,with_mask
maksssksksss355.png,with_mask
maksssksksss356.png,with_mask
maksssksksss357.png,with_mask
maksssksksss358.png,with_mask
maksssksksss359.png,without_mask
maksssksksss360.png,with_mask
maksssksksss361.png,without_mask
maksssksksss362.png,with_mask
maksssksksss363.png,with_mask
maksssksksss364.png,with_mask
maksssksksss365.png,without_mask
maksssksksss366.png,with_mask
maksssksksss367.png,with_mask
maksssksksss368.png,with_mask
maksssksksss369.png,with_mask
maksssksksss370.png,without_mask
maksssksksss371.png,mask_weared_incorrect
maksssksksss372.png,with_mask
maksssksksss373.png,without_mask
maksssksksss374.png,without_mask
maksssksksss375.png,without_mask
maksssksksss376.png,with_mask
maksssksksss377.png,with_mask
maksssksksss378.png,with_mask
maksssksksss379.png,without_mask
maksssksksss380.png,with_mask
maksssksksss381.png,without_mask
maksssksksss382.png,with_mask
maksssksksss383.png,with_mask
maksssksksss384.png,without_mask
maksssksksss385.png,without_mask
maksssksksss386.png,without_mask
maksssksksss387.png,without_mask
maksssksksss388.png,without_mask
maksssksksss389.png,without_mask
maksssksksss390.png,with_mask
maksssksksss391.png,with_mask
maksssksksss392.png,with_mask
maksssksksss393.png,with_mask
maksssksksss394.png,with_mask
maksssksksss395.png,with_mask
maksssksksss396.png,without_mask
maksssksksss397.png,with_mask
maksssksksss398.png,with_mask
maksssksksss399.png,without_mask
maksssksksss400.png,with_mask
maksssksksss401.png,without_mask
maksssksksss402.png,without_mask
maksssksksss403.png,with_mask
maksssksksss404.png,without_mask
maksssksksss405.png,with_mask
maksssksksss406.png,mask_weared_incorrect
maksssksksss407.png,with_mask
maksssksksss408.png,without_mask
maksssksksss409.png,with_mask
maksssksksss410.png,mask_weared_incorrect
maksssksksss411.png,without_mask
maksssksksss412.png,with_mask
maksssksksss413.png,with_mask
maksssksksss414.png,with_mask
maksssksksss415.png,with_mask
maksssksksss416.png,with_mask
maksssksksss417.png,with_mask
maksssksksss418.png,with_mask
maksssksksss419.png,without_mask
maksssksksss420.png,without_mask
maksssksksss421.png,with_mask
maksssksksss422.png,with_mask
maksssksksss423.png,mask_weared_incorrect
maksssksksss424.png,without_mask
maksssksksss425.png,with_mask
maksssksksss426.png,with_mask
maksssksksss427.png,with_mask
maksssksksss428.png,mask_weared_incorrect
maksssksksss429.png,with_mask
maksssksksss430.png,with_mask
maksssksksss431.png,mask_weared_incorrect
maksssksksss432.png,with_mask
maksssksksss433.png,with_mask
maksssksksss434.png,with_mask
maksssksksss435.png,with_mask
maksssksksss436.png,with_mask
maksssksksss437.png,with_mask
maksssksksss438.png,with_mask
maksssksksss439.png,with_mask
maksssksksss440.png,mask_weared_incorrect
maksssksksss441.png,with_mask
maksssksksss442.png,without_mask
maksssksksss443.png,without_mask
maksssksksss444.png,without_mask
maksssksksss445.png,mask_weared_incorrect
maksssksksss446.png,with_mask
maksssksksss447.png,with_mask
maksssksksss448.png,with_mask
maksssksksss449.png,with_mask
maksssksksss450.png,with_mask
maksssksksss451.png,without_mask
maksssksksss452.png,with_mask
maksssksksss453.png,without_mask
maksssksksss454.png,with_mask
maksssksksss455.png,without_mask
maksssksksss456.png,with_mask
maksssksksss457.png,without_mask
maksssksksss458.png,without_mask
maksssksksss459.png,mask_weared_incorrect
maksssksksss460.png,without_mask
maksssksksss461.png,with_mask
maksssksksss462.png,with_mask
maksssksksss463.png,with_mask
maksssksksss464.png,with_mask
maksssksksss465.png,with_mask
maksssksksss466.png,with_mask
maksssksksss467.png,without_mask
maksssksksss468.png,with_mask
maksssksksss469.png,with_mask
maksssksksss470.png,with_mask
maksssksksss471.png,without_mask
maksssksksss472.png,with_mask
maksssksksss473.png,without_mask
maksssksksss474.png,with_mask
maksssksksss475.png,without_mask
maksssksksss476.png,without_mask
maksssksksss477.png,without_mask
maksssksksss478.png,with_mask
maksssksksss479.png,with_mask
maksssksksss480.png,with_mask
maksssksksss481.png,with_mask
maksssksksss482.png,without_mask
maksssksksss483.png,without_mask
maksssksksss484.png,mask_weared_incorrect
maksssksksss485.png,with_mask
maksssksksss486.png,without_mask
maksssksksss487.png,without_mask
maksssksksss488.png,with_mask
maksssksksss489.png,without_mask
maksssksksss490.png,with_mask
maksssksksss491.png,with_mask
maksssksksss492.png,with_mask
maksssksksss493.png,with_mask
maksssksksss494.png,with_mask
maksssksksss495.png,without_mask
maksssksksss496.png,mask_weared_incorrect
maksssksksss497.png,with_mask
maksssksksss498.png,without_mask
maksssksksss499.png,without_mask
maksssksksss500.png,with_mask
maksssksksss501.png,with_mask
maksssksksss502.png,without_mask
maksssksksss503.png,with_mask
maksssksksss504.png,with_mask
maksssksksss505.png,with_mask
maksssksksss506.png,with_mask
maksssksksss507.png,with_mask
maksssksksss508.png,with_mask
maksssksksss509.png,with_mask
maksssksksss510.png,with_mask
maksssksksss511.png,with_mask
maksssksksss512.png,with_mask
maksssksksss513.png,with_mask
maksssksksss514.png,without_mask
maksssksksss515.png,with_mask
maksssksksss516.png,with_mask
maksssksksss517.png,with_mask
maksssksksss518.png,without_mask
maksssksksss519.png,with_mask
maksssksksss520.png,with_mask
maksssksksss521.png,without_mask
maksssksksss522.png,without_mask
maksssksksss523.png,without_mask
maksssksksss524.png,with_mask
maksssksksss525.png,mask_weared_incorrect
maksssksksss526.png,without_mask
maksssksksss527.png,without_mask
maksssksksss528.png,without_mask
maksssksksss529.png,without_mask
maksssksksss530.png,without_mask
maksssksksss531.png,with_mask
maksssksksss532.png,with_mask
maksssksksss533.png,with_mask
maksssksksss534.png,without_mask
maksssksksss535.png,without_mask
maksssksksss536.png,with_mask
maksssksksss537.png,without_mask
maksssksksss538.png,without_mask
maksssksksss539.png,without_mask
maksssksksss540.png,without_mask
maksssksksss541.png,with_mask
maksssksksss542.png,with_mask
maksssksksss543.png,without_mask
maksssksksss544.png,without_mask
maksssksksss545.png,without_mask
maksssksksss546.png,with_mask
maksssksksss547.png,with_mask
maksssksksss548.png,without_mask
maksssksksss549.png,with_mask
maksssksksss550.png,with_mask
maksssksksss551.png,with_mask
maksssksksss552.png,with_mask
maksssksksss553.png,with_mask
maksssksksss554.png,with_mask
maksssksksss555.png,with_mask
maksssksksss556.png,with_mask
maksssksksss557.png,with_mask
maksssksksss558.png,without_mask
maksssksksss559.png,without_mask
maksssksksss560.png,with_mask
maksssksksss561.png,without_mask
maksssksksss562.png,mask_weared_incorrect
maksssksksss563.png,with_mask
maksssksksss564.png,without_mask
maksssksksss565.png,without_mask
maksssksksss566.png,mask_weared_incorrect
maksssksksss567.png,without_mask
maksssksksss568.png,with_mask
maksssksksss569.png,with_mask
maksssksksss570.png,without_mask
maksssksksss571.png,without_mask
maksssksksss572.png,with_mask
maksssksksss573.png,with_mask
maksssksksss574.png,with_mask
maksssksksss575.png,without_mask
maksssksksss576.png,with_mask
maksssksksss577.png,without_mask
maksssksksss578.png,without_mask
maksssksksss579.png,without_mask
maksssksksss580.png,with_mask
maksssksksss581.png,with_mask
maksssksksss582.png,with_mask
maksssksksss583.png,with_mask
maksssksksss584.png,without_mask
maksssksksss585.png,without_mask
maksssksksss586.png,with_mask
maksssksksss587.png,with_mask
maksssksksss588.png,with_mask
maksssksksss589.png,with_mask
maksssksksss590.png,with_mask
maksssksksss591.png,with_mask
maksssksksss592.png,with_mask
maksssksksss593.png,with_mask
maksssksksss594.png,with_mask
maksssksksss595.png,with_mask
maksssksksss596.png,with_mask
maksssksksss597.png,with_mask
maksssksksss598.png,with_mask
maksssksksss599.png,with_mask
maksssksksss600.png,with_mask
maksssksksss601.png,with_mask
maksssksksss602.png,with_mask
maksssksksss603.png,without_mask
maksssksksss604.png,with_mask
maksssksksss605.png,with_mask
maksssksksss606.png,with_mask
maksssksksss607.png,with_mask
maksssksksss608.png,with_mask
maksssksksss609.png,without_mask
maksssksksss610.png,with_mask
maksssksksss611.png,mask_weared_incorrect
maksssksksss612.png,with_mask
maksssksksss613.png,without_mask
maksssksksss614.png,with_mask
maksssksksss615.png,without_mask
maksssksksss616.png,without_mask
maksssksksss617.png,with_mask
maksssksksss618.png,without_mask
maksssksksss619.png,without_mask
maksssksksss620.png,without_mask
maksssksksss621.png,without_mask
maksssksksss622.png,with_mask
maksssksksss623.png,without_mask
maksssksksss624.png,without_mask
maksssksksss625.png,with_mask
maksssksksss626.png,with_mask
maksssksksss627.png,without_mask
maksssksksss628.png,with_mask
maksssksksss629.png,with_mask
maksssksksss630.png,with_mask
maksssksksss631.png,with_mask
maksssksksss632.png,with_mask
maksssksksss633.png,with_mask
maksssksksss634.png,without_mask
maksssksksss635.png,with_mask
maksssksksss636.png,without_mask
maksssksksss637.png,with_mask
maksssksksss638.png,with_mask
maksssksksss639.png,with_mask
maksssksksss640.png,mask_weared_incorrect
maksssksksss641.png,without_mask
maksssksksss642.png,with_mask
maksssksksss643.png,with_mask
maksssksksss644.png,with_mask
maksssksksss645.png,with_mask
maksssksksss646.png,with_mask
maksssksksss647.png,without_mask
maksssksksss648.png,with_mask
maksssksksss649.png,with_mask
maksssksksss650.png,with_mask
maksssksksss651.png,with_mask
maksssksksss652.png,with_mask
maksssksksss653.png,with_mask
maksssksksss654.png,with_mask
maksssksksss655.png,without_mask
maksssksksss656.png,without_mask
maksssksksss657.png,without_mask
maksssksksss658.png,mask_weared_incorrect
maksssksksss659.png,mask_weared_incorrect
maksssksksss660.png,without_mask
maksssksksss661.png,without_mask
maksssksksss662.png,with_mask
maksssksksss663.png,with_mask
maksssksksss664.png,with_mask
maksssksksss665.png,with_mask
maksssksksss666.png,mask_weared_incorrect
maksssksksss667.png,with_mask
maksssksksss668.png,with_mask
maksssksksss669.png,with_mask
maksssksksss670.png,with_mask
maksssksksss671.png,with_mask
maksssksksss672.png,without_mask
maksssksksss673.png,without_mask
maksssksksss674.png,without_mask
maksssksksss675.png,with_mask
maksssksksss676.png,with_mask
maksssksksss677.png,with_mask
maksssksksss678.png,with_mask
maksssksksss679.png,with_mask
maksssksksss680.png,without_mask
maksssksksss681.png,with_mask
maksssksksss682.png,without_mask
maksssksksss683.png,with_mask
maksssksksss684.png,without_mask
maksssksksss685.png,with_mask
maksssksksss686.png,with_mask
maksssksksss687.png,with_mask
maksssksksss688.png,with_mask
maksssksksss689.png,with_mask
maksssksksss690.png,without_mask
maksssksksss691.png,with_mask
maksssksksss692.png,with_mask
maksssksksss693.png,mask_weared_incorrect
maksssksksss694.png,with_mask
maksssksksss695.png,without_mask
maksssksksss696.png,without_mask
maksssksksss697.png,with_mask
maksssksksss698.png,without_mask
maksssksksss699.png,without_mask
maksssksksss700.png,with_mask
maksssksksss701.png,without_mask
maksssksksss702.png,without_mask
maksssksksss703.png,without_mask
maksssksksss704.png,with_mask
maksssksksss705.png,with_mask
maksssksksss706.png,with_mask
maksssksksss707.png,with_mask
maksssksksss708.png,with_mask
maksssksksss709.png,with_mask
maksssksksss710.png,without_mask
maksssksksss711.png,with_mask
maksssksksss712.png,with_mask
maksssksksss713.png,with_mask
maksssksksss714.png,with_mask
maksssksksss715.png,without_mask
maksssksksss716.png,without_mask
maksssksksss717.png,without_mask
maksssksksss718.png,mask_weared_incorrect
maksssksksss719.png,without_mask
maksssksksss720.png,with_mask
maksssksksss721.png,with_mask
maksssksksss722.png,with_mask
maksssksksss723.png,without_mask
maksssksksss724.png,with_mask
maksssksksss725.png,with_mask
maksssksksss726.png,without_mask
maksssksksss727.png,with_mask
maksssksksss728.png,mask_weared_incorrect
maksssksksss729.png,without_mask
maksssksksss730.png,with_mask
maksssksksss731.png,with_mask
maksssksksss732.png,without_mask
maksssksksss733.png,with_mask
maksssksksss734.png,with_mask
maksssksksss735.png,without_mask
maksssksksss736.png,with_mask
maksssksksss737.png,mask_weared_incorrect
maksssksksss738.png,with_mask
maksssksksss739.png,with_mask
maksssksksss740.png,with_mask
maksssksksss741.png,mask_weared_incorrect
maksssksksss742.png,with_mask
maksssksksss743.png,with_mask
maksssksksss744.png,with_mask
maksssksksss745.png,with_mask
maksssksksss746.png,with_mask
maksssksksss747.png,with_mask
maksssksksss748.png,mask_weared_incorrect
maksssksksss749.png,with_mask
maksssksksss750.png,without_mask
maksssksksss751.png,without_mask
maksssksksss752.png,with_mask
maksssksksss753.png,without_mask
maksssksksss754.png,with_mask
maksssksksss755.png,with_mask
maksssksksss756.png,mask_weared_incorrect
maksssksksss757.png,without_mask
maksssksksss758.png,with_mask
maksssksksss759.png,without_mask
maksssksksss760.png,without_mask
maksssksksss761.png,mask_weared_incorrect
maksssksksss762.png,with_mask
maksssksksss763.png,with_mask
maksssksksss764.png,with_mask
maksssksksss765.png,with_mask
maksssksksss766.png,with_mask
maksssksksss767.png,with_mask
maksssksksss768.png,with_mask
maksssksksss769.png,with_mask
maksssksksss770.png,without_mask
maksssksksss771.png,with_mask
maksssksksss772.png,without_mask
maksssksksss773.png,without_mask
maksssksksss774.png,with_mask
maksssksksss775.png,with_mask
maksssksksss776.png,with_mask
maksssksksss777.png,without_mask
maksssksksss778.png,with_mask
maksssksksss779.png,with_mask
maksssksksss780.png,with_mask
maksssksksss781.png,with_mask
maksssksksss782.png,mask_weared_incorrect
maksssksksss783.png,with_mask
maksssksksss784.png,without_mask
maksssksksss785.png,without_mask
maksssksksss786.png,mask_weared_incorrect
maksssksksss787.png,without_mask
maksssksksss788.png,with_mask
maksssksksss789.png,with_mask
maksssksksss790.png,with_mask
maksssksksss791.png,with_mask
maksssksksss792.png,without_mask
maksssksksss793.png,with_mask
maksssksksss794.png,with_mask
maksssksksss795.png,without_mask
maksssksksss796.png,with_mask
maksssksksss797.png,without_mask
maksssksksss798.png,with_mask
maksssksksss799.png,with_mask
maksssksksss800.png,with_mask
maksssksksss801.png,without_mask
maksssksksss802.png,with_mask
maksssksksss803.png,with_mask
maksssksksss804.png,with_mask
maksssksksss805.png,with_mask
maksssksksss806.png,with_mask
maksssksksss807.png,mask_weared_incorrect
maksssksksss808.png,with_mask
maksssksksss809.png,without_mask
maksssksksss810.png,with_mask
maksssksksss811.png,with_mask
maksssksksss812.png,with_mask
maksssksksss813.png,with_mask
maksssksksss814.png,with_mask
maksssksksss815.png,mask_weared_incorrect
maksssksksss816.png,with_mask
maksssksksss817.png,without_mask
maksssksksss818.png,without_mask
maksssksksss819.png,with_mask
maksssksksss820.png,with_mask
maksssksksss821.png,without_mask
maksssksksss822.png,without_mask
maksssksksss823.png,without_mask
maksssksksss824.png,without_mask
maksssksksss825.png,with_mask
maksssksksss826.png,with_mask
maksssksksss827.png,with_mask
maksssksksss828.png,with_mask
maksssksksss829.png,without_mask
maksssksksss830.png,mask_weared_incorrect
maksssksksss831.png,with_mask
maksssksksss832.png,mask_weared_incorrect
maksssksksss833.png,with_mask
maksssksksss834.png,with_mask
maksssksksss835.png,mask_weared_incorrect
maksssksksss836.png,with_mask
maksssksksss837.png,without_mask
maksssksksss838.png,with_mask
maksssksksss839.png,with_mask
maksssksksss840.png,with_mask
maksssksksss841.png,without_mask
maksssksksss842.png,without_mask
maksssksksss843.png,with_mask
maksssksksss844.png,with_mask
maksssksksss845.png,with_mask
maksssksksss846.png,with_mask
maksssksksss847.png,without_mask
maksssksksss848.png,with_mask
maksssksksss849.png,with_mask
maksssksksss850.png,with_mask
maksssksksss851.png,with_mask
maksssksksss852.png,without_mask
